integration_radius_cm,enclosed_count,enclosed_fraction,target_containment_fraction
0.0,0,0.0,0.0
0.03148616545804036,28,0.0010193679918450561,0.001
0.04399772078626445,55,0.00200232998398136,0.002
0.054039627637194464,83,0.003021697975826416,0.003
0.06234497136483583,110,0.00400465996796272,0.004
0.07193797963573581,138,0.005024027959807776,0.005
0.07960518186492611,165,0.006006989951944081,0.006
0.08734284293195262,193,0.007026357943789137,0.007
0.09248462968495937,220,0.00800931993592544,0.008
0.09888000190065918,248,0.009028687927770496,0.009
0.10307902501328212,275,0.010011649919906801,0.01
0.10759022243418812,303,0.011031017911751857,0.011
0.11060248429706399,330,0.012013979903888162,0.012
0.11482742595608761,358,0.013033347895733217,0.013
0.11984513371971628,385,0.01401630988786952,0.014
0.12453388270270858,413,0.015035677879714576,0.015
0.13015458107439448,440,0.01601863987185088,0.016
0.13377465646411152,467,0.017001601863987185,0.017
0.13757641738765286,495,0.01802096985583224,0.018
0.139817834136159,522,0.019003931847968544,0.019
0.14339811427914934,550,0.020023299839813602,0.02
0.14718585214940774,577,0.021006261831949907,0.021
0.1514049557425583,605,0.02202562982379496,0.022
0.15457197047018445,632,0.023008591815931265,0.023
0.15794444967514587,660,0.024027959807776323,0.024
0.16075090920230556,687,0.025010921799912624,0.025
0.16377868879776372,715,0.026030289791757682,0.026
0.1678334484388391,742,0.027013251783893986,0.027
0.17115380758848375,770,0.02803261977573904,0.028
0.1746341287408091,797,0.029015581767875345,0.029
0.1772313410296886,825,0.030034949759720403,0.03
0.17987475799645347,852,0.031017911751856708,0.031
0.18297763208224255,879,0.03200087374399301,0.032
0.1857435174133771,907,0.03302024173583806,0.033
0.1879556748642959,934,0.03400320372797437,0.034
0.190731414360736,962,0.03502257171981943,0.035
0.1934147243885529,989,0.03600553371195573,0.036
0.19671051876352055,1017,0.03702490170380079,0.037
0.19898986287936987,1044,0.03800786369593709,0.038
0.20141510480740954,1072,0.039027231687782146,0.039
0.20424587136227482,1099,0.04001019367991845,0.04
0.20689644987813471,1127,0.041029561671763505,0.041
0.21004856708700376,1154,0.04201252366389981,0.042
0.21320539056444826,1182,0.043031891655744864,0.043
0.21586858924936897,1209,0.04401485364788117,0.044
0.2193293184283088,1237,0.04503422163972623,0.045
0.2221860325715575,1264,0.04601718363186253,0.046
0.22419220064564632,1291,0.04700014562399883,0.047
0.22671666753489614,1319,0.04801951361584389,0.048
0.22973527189897675,1346,0.0490024756079802,0.049
0.23301070698535808,1374,0.05002184359982525,0.05
0.23527235001639724,1401,0.051004805591961556,0.051
0.237461758527376,1429,0.052024173583806614,0.052
0.23921654969264042,1456,0.053007135575942915,0.053
0.24160661714011553,1484,0.05402650356778797,0.054
0.2431544228024072,1511,0.055009465559924274,0.055
0.2448952311870957,1539,0.05602883355176933,0.056
0.24657871343540508,1566,0.05701179554390563,0.057
0.2495347594385195,1594,0.05803116353575069,0.058
0.25122537231519315,1621,0.059014125527887,0.059
0.25331711831482684,1649,0.06003349351973205,0.06
0.25550024939050286,1676,0.06101645551186836,0.061
0.25764270362239483,1704,0.062035823503713415,0.062
0.26010068752966525,1731,0.06301878549584972,0.063
0.26249973869381105,1758,0.06400174748798602,0.064
0.26427518231827807,1786,0.06502111547983108,0.065
0.2664661040160186,1813,0.06600407747196738,0.066
0.2682967942828875,1841,0.06702344546381243,0.067
0.2705073754120437,1868,0.06800640745594874,0.068
0.272019132707951,1896,0.0690257754477938,0.069
0.2734767225722053,1923,0.0700087374399301,0.07
0.2754031349051532,1951,0.07102810543177515,0.071
0.27709738317429145,1978,0.07201106742391146,0.072
0.27924804290005484,2006,0.07303043541575652,0.073
0.28113204054120644,2033,0.07401339740789283,0.074
0.28303474096627146,2061,0.07503276539973788,0.075
0.28523716378487224,2088,0.07601572739187418,0.076
0.28675646550529815,2116,0.07703509538371923,0.077
0.28879208219940905,2143,0.07801805737585554,0.078
0.29053681017428523,2170,0.07900101936799185,0.079
0.2917397739060328,2198,0.0800203873598369,0.08
0.2936425650602014,2225,0.0810033493519732,0.081
0.29528171631649563,2253,0.08202271734381826,0.082
0.29702890354791395,2280,0.08300567933595457,0.083
0.29934878802945497,2308,0.08402504732779963,0.084
0.30091803231585407,2335,0.08500800931993592,0.085
0.30284722865790104,2363,0.08602737731178098,0.086
0.30459000356977667,2390,0.08701033930391729,0.087
0.30597330209229345,2418,0.08802970729576234,0.088
0.30718769096333254,2445,0.08901266928789865,0.089
0.30925275261058366,2473,0.0900320372797437,0.09
0.31097851854086883,2500,0.09101499927188,0.091
0.313033256445976,2528,0.09203436726372506,0.092
0.3146632245005048,2555,0.09301732925586137,0.093
0.3169271733337332,2582,0.09400029124799766,0.094
0.3187302092174387,2610,0.09501965923984272,0.095
0.3206547492165458,2637,0.09600262123197903,0.096
0.32240531123611477,2665,0.09702198922382409,0.097
0.32461224450668097,2692,0.0980049512159604,0.098
0.3267065520226772,2720,0.09902431920780545,0.099
0.3281856827168318,2747,0.10000728119994175,0.1
0.33011547735091334,2775,0.1010266491917868,0.101
0.3326960854688351,2802,0.10200961118392311,0.102
0.3341187331884757,2830,0.10302897917576817,0.103
0.3360501739716508,2857,0.10401194116790446,0.104
0.3372711489878074,2885,0.10503130915974952,0.105
0.339115425097976,2912,0.10601427115188583,0.106
0.34053367461074296,2940,0.10703363914373089,0.107
0.342283593844711,2967,0.1080166011358672,0.108
0.34360594218037666,2995,0.10903596912771225,0.109
0.34565904496432837,3022,0.11001893111984855,0.11
0.3476849979378162,3049,0.11100189311198486,0.111
0.34943801944814523,3077,0.11202126110382991,0.112
0.3506606692289143,3104,0.11300422309596622,0.113
0.35286290369157514,3132,0.11402359108781127,0.114
0.3548090160787514,3159,0.11500655307994757,0.115
0.3568189866441868,3187,0.11602592107179263,0.116
0.35856491919897887,3214,0.11700888306392894,0.117
0.3599874947397491,3242,0.118028251055774,0.118
0.36158120939790334,3269,0.11901121304791029,0.119
0.36333094300657987,3297,0.12003058103975535,0.12
0.36456170150810485,3324,0.12101354303189166,0.121
0.36589683449625965,3352,0.12203291102373671,0.122
0.3672715167248455,3379,0.12301587301587301,0.123
0.36891995176828973,3407,0.12403524100771807,0.124
0.37049379714709,3434,0.1250182029998544,0.125
0.3717541026232684,3461,0.12600116499199068,0.126
0.3731344083711514,3489,0.12702053298383573,0.127
0.37492352417046143,3516,0.12800349497597205,0.128
0.37666732220527155,3544,0.1290228629678171,0.129
0.3784016364492135,3571,0.1300058249599534,0.13
0.3800207386178556,3599,0.13102519295179846,0.131
0.3813637275763468,3626,0.13200815494393475,0.132
0.3833710956728069,3654,0.13302752293577982,0.133
0.38490625316552773,3681,0.13401048492791612,0.134
0.3867306552898601,3709,0.1350298529197612,0.135
0.38886434569785516,3736,0.13601281491189748,0.136
0.39037004597144415,3764,0.13703218290374253,0.137
0.39224572109778055,3791,0.13801514489587885,0.138
0.39394573388654036,3819,0.1390345128877239,0.139
0.39531119488457106,3846,0.1400174748798602,0.14
0.3967967912451399,3873,0.1410004368719965,0.141
0.3986414072994039,3901,0.14201980486384155,0.142
0.400467254113604,3928,0.14300276685597788,0.143
0.4013238710335164,3956,0.14402213484782292,0.144
0.40252807454474354,3983,0.1450050968399592,0.145
0.404656058694543,4011,0.14602446483180428,0.146
0.40630022664738835,4038,0.14700742682394058,0.147
0.4075080535638188,4066,0.14802679481578565,0.148
0.4092567469236973,4093,0.14900975680792194,0.149
0.41060548292079657,4121,0.150029124799767,0.15
0.4116876108573581,4148,0.1510120867919033,0.151
0.413811961535805,4176,0.15203145478374835,0.152
0.41505156837126356,4203,0.15301441677588468,0.153
0.4169381190950244,4231,0.15403378476772972,0.154
0.41827078971388465,4258,0.15501674675986601,0.155
0.41992354322587166,4286,0.15603611475171109,0.156
0.4212236225764018,4313,0.15701907674384738,0.157
0.4227692013219714,4340,0.1580020387359837,0.158
0.42489967082004976,4368,0.15902140672782875,0.159
0.42672130021112203,4395,0.16000436871996504,0.16
0.42816177873595945,4423,0.1610237367118101,0.161
0.42944795262722707,4450,0.1620066987039464,0.162
0.43105928315436276,4478,0.16302606669579148,0.163
0.4323684608476543,4505,0.16400902868792777,0.164
0.4336211497169615,4533,0.16502839667977282,0.165
0.43509958371228524,4560,0.16601135867190914,0.166
0.4373305196223726,4588,0.16703072666375418,0.167
0.4389623926502081,4615,0.1680136886558905,0.168
0.4405986907199699,4643,0.16903305664773555,0.169
0.44209034121410695,4670,0.17001601863987184,0.17
0.44434498409887535,4698,0.1710353866317169,0.171
0.4456028094478484,4725,0.1720183486238532,0.172
0.44706801637188875,4752,0.17300131061598953,0.173
0.448689003982903,4780,0.17402067860783457,0.174
0.4503073888836049,4807,0.17500364059997087,0.175
0.45207573688905456,4835,0.17602300859181594,0.176
0.45312973057216294,4862,0.17700597058395223,0.177
0.45493483190631434,4890,0.1780253385757973,0.178
0.4562772292583768,4917,0.1790083005679336,0.179
0.4573408232371482,4945,0.18002766855977864,0.18
0.45881628309680184,4972,0.18101063055191496,0.181
0.4603839934714557,5000,0.18202999854376,0.182
0.4616384284531745,5027,0.1830129605358963,0.183
0.46310910930958543,5055,0.18403232852774137,0.184
0.46490552140276264,5082,0.18501529051987767,0.185
0.46673430667840426,5110,0.18603465851172274,0.186
0.4680444750134763,5137,0.18701762050385903,0.187
0.4694031788893003,5164,0.18800058249599533,0.188
0.47130126518070514,5192,0.1890199504878404,0.189
0.4725547884896504,5219,0.1900029124799767,0.19
0.47377958886101146,5247,0.19102228047182176,0.191
0.47518403180602803,5274,0.19200524246395806,0.192
0.47644591391633107,5302,0.1930246104558031,0.193
0.47805223766467864,5329,0.19400757244793942,0.194
0.47953882639265727,5357,0.19502694043978447,0.195
0.4809811845513019,5384,0.1960099024319208,0.196
0.48260774321579586,5412,0.19702927042376583,0.197
0.4839735441225106,5439,0.19801223241590213,0.198
0.4853870526486838,5467,0.1990316004077472,0.199
0.4866742154107529,5494,0.2000145623998835,0.2
0.4878973656335471,5522,0.20103393039172857,0.201
0.48927247256832773,5549,0.20201689238386486,0.202
0.49128815102483436,5577,0.2030362603757099,0.203
0.4929133099994287,5604,0.20401922236784623,0.204
0.49447712801330307,5631,0.20500218435998252,0.205
0.4956980639793458,5659,0.2060215523518276,0.206
0.4970208135460674,5686,0.20700451434396389,0.207
0.49899754185295525,5714,0.20802388233580893,0.208
0.5002561737373185,5741,0.20900684432794525,0.209
0.5020318210371785,5769,0.2100262123197903,0.21
0.5032521957690508,5796,0.21100917431192662,0.211
0.5050353349412646,5824,0.21202854230377166,0.212
0.5068612179414442,5851,0.21301150429590796,0.213
0.5078600966555658,5879,0.21403087228775303,0.214
0.5099904804562071,5906,0.21501383427988932,0.215
0.5116889182580973,5934,0.2160332022717344,0.216
0.5127683388794645,5961,0.2170161642638707,0.217
0.5147191734756522,5989,0.21803553225571573,0.218
0.5162449244375795,6016,0.21901849424785205,0.219
0.5179335597418065,6043,0.22000145623998835,0.22
0.5193705166686593,6071,0.22102082423183342,0.221
0.5208482532169249,6098,0.2220037862239697,0.222
0.5221621241132328,6126,0.22302315421581476,0.223
0.5239862077134085,6153,0.22400611620795108,0.224
0.5250540895345303,6181,0.22502548419979612,0.225
0.5265314162837388,6208,0.22600844619193244,0.226
0.5282680089879296,6236,0.2270278141837775,0.227
0.5296460417293574,6263,0.22801077617591378,0.228
0.5312619008661513,6291,0.22903014416775885,0.229
0.5325515386632499,6318,0.23001310615989515,0.23
0.5338978006429429,6346,0.23103247415174022,0.231
0.5349604418130193,6373,0.2320154361438765,0.232
0.5363482879770035,6401,0.23303480413572156,0.233
0.5376369943125237,6428,0.23401776612785788,0.234
0.5389717818032366,6455,0.23500072811999417,0.235
0.5406204613107467,6483,0.23602009611183924,0.236
0.542251796850595,6510,0.23700305810397554,0.237
0.5434594209193098,6538,0.23802242609582058,0.238
0.5446342928527413,6565,0.2390053880879569,0.239
0.5456885955130771,6593,0.24002475607980195,0.24
0.5468561664816253,6620,0.24100771807193824,0.241
0.5489094823254523,6648,0.24202708606378331,0.242
0.5502830063287089,6675,0.2430100480559196,0.243
0.5519898063969012,6703,0.24402941604776468,0.244
0.5535085570711374,6730,0.24501237803990097,0.245
0.5551404991264289,6758,0.24603174603174602,0.246
0.5566396345687362,6785,0.24701470802388234,0.247
0.557894354321102,6813,0.24803407601572738,0.248
0.5590580225853115,6840,0.2490170380078637,0.249
0.5601766615589858,6867,0.25,0.25
0.5616424150753473,6895,0.25101936799184504,0.251
0.5627923868279153,6922,0.25200232998398137,0.252
0.5636822699832854,6950,0.2530216979758264,0.253
0.5654007227411709,6977,0.25400465996796273,0.254
0.5667164841535646,7005,0.2550240279598078,0.255
0.5682154998301783,7032,0.2560069899519441,0.256
0.5691526437568674,7060,0.25702635794378914,0.257
0.5705771022953374,7087,0.25800931993592546,0.258
0.5721811500372738,7115,0.2590286879277705,0.259
0.5737366539266664,7142,0.2600116499199068,0.26
0.5753026103031093,7170,0.2610310179117519,0.261
0.5764695333151019,7197,0.26201397990388814,0.262
0.5777746577792865,7225,0.26303334789573324,0.263
0.5793967732231986,7252,0.2640163098878695,0.264
0.5805970504557795,7280,0.2650356778797146,0.265
0.5815503783341096,7307,0.26601863987185087,0.266
0.5832003090702418,7334,0.2670016018639872,0.267
0.5848111653297619,7362,0.26802096985583224,0.268
0.5861293828087091,7389,0.26900393184796856,0.269
0.5876952007343643,7417,0.2700232998398136,0.27
0.5894212199637913,7444,0.2710062618319499,0.271
0.590699422804186,7472,0.27202562982379497,0.272
0.5921336753343515,7499,0.2730085918159313,0.273
0.5938229018898908,7527,0.27402795980777633,0.274
0.5950038084715632,7554,0.2750109217999126,0.275
0.5962408447630281,7582,0.2760302897917577,0.276
0.5976155761570968,7609,0.27701325178389397,0.277
0.5989081793651344,7637,0.27803261977573906,0.278
0.6006694765465816,7664,0.27901558176787533,0.279
0.6022167655578309,7692,0.2800349497597204,0.28
0.6036590542273689,7719,0.2810179117518567,0.281
0.6048022077081542,7746,0.282000873743993,0.282
0.6067118678096947,7774,0.28302024173583806,0.283
0.6083155313063303,7801,0.2840032037279744,0.284
0.6092532129013354,7829,0.28502257171981943,0.285
0.6104522774349146,7856,0.28600553371195575,0.286
0.6122080251744063,7884,0.2870249017038008,0.287
0.6136757282713207,7911,0.2880078636959371,0.288
0.6149730580970383,7939,0.28902723168778216,0.289
0.6161236591012746,7966,0.2900101936799184,0.29
0.6173590634102155,7994,0.2910295616717635,0.291
0.6186009922723196,8021,0.2920125236638998,0.292
0.6197242488541758,8049,0.2930318916557449,0.293
0.6215538926192666,8076,0.29401485364788116,0.294
0.6228842323445353,8104,0.2950342216397262,0.295
0.6240619761356919,8131,0.2960171836318625,0.296
0.6250954962745955,8158,0.29700014562399885,0.297
0.626262178539666,8186,0.2980195136158439,0.298
0.6276353569803623,8213,0.2990024756079802,0.299
0.6288299131756683,8241,0.30002184359982526,0.3
0.6302559627388885,8268,0.3010048055919616,0.301
0.6315911042363386,8296,0.3020241735838066,0.302
0.6334087813612224,8323,0.30300713557594294,0.303
0.6348290571616857,8351,0.304026503567788,0.304
0.6363811482400221,8378,0.30500946555992425,0.305
0.6381282352782824,8406,0.30602883355176935,0.306
0.6398600941594212,8433,0.3070117955439056,0.307
0.6410954149515716,8461,0.3080311635357507,0.308
0.6429510236477264,8488,0.309014125527887,0.309
0.6441551400910668,8516,0.31003349351973203,0.31
0.645500965469575,8543,0.31101645551186835,0.311
0.6468365669509009,8571,0.3120358235037134,0.312
0.6480560141863287,8598,0.3130187854958497,0.313
0.6494076919721478,8625,0.31400174748798604,0.314
0.6507660098848992,8653,0.3150211154798311,0.315
0.6520412505640675,8680,0.3160040774719674,0.316
0.6539918039077813,8708,0.31702344546381245,0.317
0.6555903401761014,8735,0.3180064074559487,0.318
0.6571130193613596,8763,0.3190257754477938,0.319
0.6582171863341172,8790,0.3200087374399301,0.32
0.6591957799430551,8818,0.3210281054317752,0.321
0.6606839809808925,8845,0.32201106742391145,0.322
0.6624279481986486,8873,0.3230304354157565,0.323
0.6635589537079633,8900,0.3240133974078928,0.324
0.6645037184749495,8928,0.32503276539973786,0.325
0.665865013734827,8955,0.3260157273918742,0.326
0.667193612063791,8983,0.3270350953837192,0.327
0.6684948667632972,9010,0.32801805737585554,0.328
0.6697029397979671,9037,0.32900101936799186,0.329
0.6712353530140206,9065,0.3300203873598369,0.33
0.6725688480763777,9092,0.33100334935197323,0.331
0.6739686277906033,9120,0.3320227173438183,0.332
0.675101403444268,9147,0.33300567933595454,0.333
0.6765061740048753,9175,0.33402504732779964,0.334
0.6774264881807314,9202,0.3350080093199359,0.335
0.6789052777936666,9230,0.336027377311781,0.336
0.6803459503488637,9257,0.3370103393039173,0.337
0.681886991616712,9285,0.3380297072957623,0.338
0.6833532605503612,9312,0.33901266928789864,0.339
0.6847152032596568,9340,0.3400320372797437,0.34
0.6861777684483525,9367,0.34101499927188,0.341
0.687415064627112,9395,0.34203436726372505,0.342
0.6887690936689969,9422,0.34301732925586137,0.343
0.690211358391822,9449,0.3440002912479977,0.344
0.6917045837160675,9477,0.34501965923984274,0.345
0.6929793148225584,9504,0.34600262123197906,0.346
0.6941235646576883,9532,0.3470219892238241,0.347
0.6952734796231604,9559,0.34800495121596037,0.348
0.6963569080995586,9587,0.34902431920780547,0.349
0.6971709431349262,9614,0.35000728119994173,0.35
0.698556809255611,9642,0.35102664919178683,0.351
0.7000213459867038,9669,0.3520096111839231,0.352
0.702272432837111,9697,0.35302897917576814,0.353
0.7033091373875144,9724,0.35401194116790446,0.354
0.7054274341568127,9752,0.3550313091597495,0.355
0.7070762595333542,9779,0.35601427115188583,0.356
0.7086606226802815,9807,0.3570336391437309,0.357
0.7096761580475562,9834,0.3580166011358672,0.358
0.711300937308868,9862,0.35903596912771224,0.359
0.7128350226006267,9889,0.36001893111984856,0.36
0.7142691841856258,9916,0.36100189311198483,0.361
0.7155874762708668,9944,0.3620212611038299,0.362
0.7168334471395387,9971,0.3630042230959662,0.363
0.7185559939689831,9999,0.3640235910878113,0.364
0.7202899371937195,10026,0.36500655307994756,0.365
0.7218602390010395,10054,0.3660259210717926,0.366
0.7230015797236803,10081,0.3670088830639289,0.367
0.7251411545772234,10109,0.36802825105577397,0.368
0.726634510050573,10136,0.3690112130479103,0.369
0.7285668702098654,10164,0.37003058103975534,0.37
0.7298695523780658,10191,0.37101354303189166,0.371
0.7319057571523064,10219,0.3720329110237367,0.372
0.7334761405006263,10246,0.373015873015873,0.373
0.7350238667693295,10274,0.37403524100771807,0.374
0.7366488259727547,10301,0.3750182029998544,0.375
0.7379431813044193,10328,0.37600116499199066,0.376
0.7393545710602074,10356,0.37702053298383575,0.377
0.7413028914897806,10383,0.378003494975972,0.378
0.7424757998718603,10411,0.3790228629678171,0.379
0.7441868056297123,10438,0.3800058249599534,0.38
0.7456245206734178,10466,0.38102519295179843,0.381
0.7467510392776749,10493,0.38200815494393475,0.382
0.7483844329459887,10521,0.3830275229357798,0.383
0.7496645909537136,10548,0.3840104849279161,0.384
0.7510951637380378,10576,0.38502985291976116,0.385
0.752392141019985,10603,0.3860128149118975,0.386
0.7537331408330525,10631,0.3870321829037425,0.387
0.7551958764877642,10658,0.38801514489587885,0.388
0.756537447070436,10686,0.3890345128877239,0.389
0.7578177919115655,10713,0.3900174748798602,0.39
0.7590552630099991,10740,0.3910004368719965,0.391
0.7603783571707738,10768,0.3920198048638416,0.392
0.762126342909471,10795,0.39300276685597785,0.393
0.7638263805764186,10823,0.39402213484782295,0.394
0.7650097900166435,10850,0.3950050968399592,0.395
0.7666064525830533,10878,0.39602446483180426,0.396
0.768423113260242,10905,0.3970074268239406,0.397
0.7698880736242308,10933,0.3980267948157856,0.398
0.770976511238287,10960,0.39900975680792194,0.399
0.772353903821809,10988,0.400029124799767,0.4
0.773320745770427,11015,0.4010120867919033,0.401
0.7744409267334071,11043,0.40203145478374835,0.402
0.7756326356127247,11070,0.4030144167758847,0.403
0.7770548368735982,11098,0.4040337847677297,0.404
0.7788890957524088,11125,0.40501674675986604,0.405
0.780306222732011,11153,0.4060361147517111,0.406
0.7816796833364937,11180,0.4070190767438474,0.407
0.7827795694886919,11207,0.4080020387359837,0.408
0.7843594637412168,11235,0.4090214067278288,0.409
0.785664353383495,11262,0.41000436871996504,0.41
0.7870554471618131,11290,0.4110237367118101,0.411
0.7882566601307982,11317,0.4120066987039464,0.412
0.7900646481315077,11345,0.41302606669579145,0.413
0.791320710681318,11372,0.41400902868792777,0.414
0.7927984641691609,11400,0.4150283966797728,0.415
0.7941958016401173,11427,0.41601135867190914,0.416
0.795718536153551,11455,0.4170307266637542,0.417
0.7972852573973517,11482,0.4180136886558905,0.418
0.799050630800927,11510,0.41903305664773555,0.419
0.8004694437544649,11537,0.42001601863987187,0.42
0.8019641516495203,11565,0.4210353866317169,0.421
0.8033584999738645,11592,0.42201834862385323,0.422
0.805058185216321,11619,0.4230013106159895,0.423
0.8064599344233984,11647,0.42402067860783454,0.424
0.8080472715285572,11674,0.42500364059997087,0.425
0.8095309636573413,11702,0.4260230085918159,0.426
0.8110461464440264,11729,0.42700597058395223,0.427
0.8124099800480392,11757,0.4280253385757973,0.428
0.8135223787167248,11784,0.4290083005679336,0.429
0.8150122710765635,11812,0.43002766855977864,0.43
0.8164435551381696,11839,0.43101063055191496,0.431
0.8177609728619476,11867,0.43202999854376,0.432
0.8193795474260087,11894,0.43301296053589633,0.433
0.8206091048833571,11922,0.4340323285277414,0.434
0.822065904818816,11949,0.4350152905198777,0.435
0.8230239972422076,11977,0.43603465851172274,0.436
0.8245673021309697,12004,0.43701762050385906,0.437
0.8262030784657649,12031,0.4380005824959953,0.438
0.8274893875923552,12059,0.43901995048784037,0.439
0.8288632771657867,12086,0.4400029124799767,0.44
0.8303734252858701,12114,0.44102228047182174,0.441
0.8317155625819777,12141,0.44200524246395806,0.442
0.8333308421016435,12169,0.4430246104558031,0.443
0.8344098101708146,12196,0.4440075724479394,0.444
0.8356650852435161,12224,0.44502694043978447,0.445
0.8373733653136115,12251,0.4460099024319208,0.446
0.8387056970599989,12279,0.44702927042376583,0.447
0.8398476987508633,12306,0.44801223241590216,0.448
0.8414692187289368,12334,0.4490316004077472,0.449
0.8425175191831139,12361,0.4500145623998835,0.45
0.843940263080455,12389,0.45103393039172857,0.451
0.8450636677808154,12416,0.4520168923838649,0.452
0.8464398620378976,12444,0.45303626037570993,0.453
0.8480224606833793,12471,0.4540192223678462,0.454
0.8493608790493371,12498,0.4550021843599825,0.455
0.8506729249741655,12526,0.45602155235182756,0.456
0.8521162402020435,12553,0.4570045143439639,0.457
0.8537345946912038,12581,0.45802388233580893,0.458
0.8553648472140764,12608,0.45900684432794525,0.459
0.8567428096872298,12636,0.4600262123197903,0.46
0.8584493331190471,12663,0.4610091743119266,0.461
0.859702101830168,12691,0.46202854230377166,0.462
0.8609528839587072,12718,0.463011504295908,0.463
0.8626773975296463,12746,0.464030872287753,0.464
0.8644155011263869,12773,0.46501383427988935,0.465
0.8666669276826008,12801,0.4660332022717344,0.466
0.8682637288598651,12828,0.46701616426387066,0.467
0.8705244099458814,12856,0.46803553225571576,0.468
0.8720506436646361,12883,0.469018494247852,0.469
0.8730704367620216,12910,0.47000145623998835,0.47
0.8748069790618938,12938,0.4710208242318334,0.471
0.87624606275933,12965,0.4720037862239697,0.472
0.8775834484639632,12993,0.47302315421581476,0.473
0.878427683822041,13020,0.4740061162079511,0.474
0.8799714475619287,13048,0.4750254841997961,0.475
0.8814343849059656,13075,0.47600844619193244,0.476
0.8828047719563773,13103,0.4770278141837775,0.477
0.8846404732546368,13130,0.4780107761759138,0.478
0.8864457282472783,13158,0.47903014416775885,0.479
0.887856319616489,13185,0.4800131061598952,0.48
0.8892332446693677,13213,0.4810324741517402,0.481
0.8909513616943648,13240,0.4820154361438765,0.482
0.8923894475334274,13268,0.4830348041357216,0.483
0.8938178910624199,13295,0.48401776612785785,0.484
0.8951296267452783,13322,0.4850007281199942,0.485
0.8963547823183902,13350,0.4860200961118392,0.486
0.8978681582117154,13377,0.48700305810397554,0.487
0.8991045134273182,13405,0.4880224260958206,0.488
0.9005756861109144,13432,0.4890053880879569,0.489
0.902165537699372,13460,0.49002475607980195,0.49
0.9042086638251208,13487,0.49100771807193827,0.491
0.9058604371257057,13515,0.4920270860637833,0.492
0.9072362017915258,13542,0.49301004805591964,0.493
0.9088421097582202,13570,0.4940294160477647,0.494
0.9102117198106844,13597,0.495012378039901,0.495
0.9118548154103581,13625,0.49603174603174605,0.496
0.9136769516295783,13652,0.4970147080238823,0.497
0.9152474373790618,13680,0.4980340760157274,0.498
0.9163475797309036,13707,0.4990170380078637,0.499
0.9178886399763803,13734,0.5,0.5
0.9197667162733935,13762,0.5010193679918451,0.501
0.9214910820668905,13789,0.5020023299839813,0.502
0.9230415644831473,13817,0.5030216979758264,0.503
0.9245067150956074,13844,0.5040046599679627,0.504
0.9257057910694273,13872,0.5050240279598078,0.505
0.9268067094440149,13899,0.506006989951944,0.506
0.9283052164110255,13927,0.5070263579437891,0.507
0.9302173508856587,13954,0.5080093199359255,0.508
0.9321265406091673,13982,0.5090286879277705,0.509
0.9335751032544057,14009,0.5100116499199068,0.51
0.9353351093600113,14037,0.5110310179117519,0.511
0.9368089519512952,14064,0.5120139799038882,0.512
0.9382370876169116,14092,0.5130333478957332,0.513
0.9391419113303081,14119,0.5140163098878695,0.514
0.9409878343242719,14147,0.5150356778797146,0.515
0.9424271410067462,14174,0.5160186398718509,0.516
0.9442630606723131,14201,0.5170016018639871,0.517
0.9461525795812478,14229,0.5180209698558322,0.518
0.948085320405602,14256,0.5190039318479686,0.519
0.9493480916854604,14284,0.5200232998398135,0.52
0.9507085596274522,14311,0.5210062618319499,0.521
0.9522076379772338,14339,0.522025629823795,0.522
0.9539796494874621,14366,0.5230085918159313,0.523
0.9552688035557743,14394,0.5240279598077763,0.524
0.956837247655872,14421,0.5250109217999126,0.525
0.9581715274530378,14449,0.5260302897917577,0.526
0.959571973629647,14476,0.527013251783894,0.527
0.9613794383160642,14504,0.528032619775739,0.528
0.9626014793336234,14531,0.5290155817678753,0.529
0.9643959339392522,14559,0.5300349497597204,0.53
0.9659871419802043,14586,0.5310179117518568,0.531
0.9674372075552211,14613,0.532000873743993,0.532
0.9695579902395957,14641,0.5330202417358381,0.533
0.9710753957977267,14668,0.5340032037279744,0.534
0.9725923785261412,14696,0.5350225717198194,0.535
0.973841575880164,14723,0.5360055337119557,0.536
0.9751118724227285,14751,0.5370249017038008,0.537
0.9765605198220896,14778,0.5380078636959371,0.538
0.9785646095919058,14806,0.5390272316877821,0.539
0.9800435174285502,14833,0.5400101936799184,0.54
0.9815563256768945,14861,0.5410295616717635,0.541
0.9828002210120224,14888,0.5420125236638998,0.542
0.98470051452537,14916,0.5430318916557448,0.543
0.9858928050419494,14943,0.5440148536478812,0.544
0.9874337997490464,14971,0.5450342216397263,0.545
0.9890222890535065,14998,0.5460171836318626,0.546
0.9900130162379955,15025,0.5470001456239988,0.547
0.9920178660941823,15053,0.5480195136158439,0.548
0.9936471281161507,15080,0.5490024756079802,0.549
0.9948595418899838,15108,0.5500218435998252,0.55
0.9968057161474717,15135,0.5510048055919615,0.551
0.9984960548835523,15163,0.5520241735838066,0.552
0.9998719243071135,15190,0.5530071355759429,0.553
1.0014223332954828,15218,0.5540265035677879,0.554
1.0033481299812088,15245,0.5550094655599243,0.555
1.004946558587859,15273,0.5560288335517694,0.556
1.0066015588223192,15300,0.5570117955439057,0.557
1.007898833032324,15328,0.5580311635357507,0.558
1.008998306558596,15355,0.559014125527887,0.559
1.0106411441134928,15383,0.5600334935197321,0.56
1.0119862561407278,15410,0.5610164555118684,0.561
1.0134672252485364,15438,0.5620358235037134,0.562
1.0146772970730236,15465,0.5630187854958497,0.563
1.0165027756631155,15492,0.564001747487986,0.564
1.017629386031491,15520,0.565021115479831,0.565
1.019478335895717,15547,0.5660040774719673,0.566
1.021075808209419,15575,0.5670234454638124,0.567
1.0226949629928013,15602,0.5680064074559488,0.568
1.0247654729075872,15630,0.5690257754477938,0.569
1.0269493371414098,15657,0.5700087374399301,0.57
1.0281829805603169,15685,0.5710281054317752,0.571
1.0300746921880122,15712,0.5720110674239115,0.572
1.0324458289908633,15740,0.5730304354157565,0.573
1.0341723508683442,15767,0.5740133974078928,0.574
1.0363454721894978,15795,0.5750327653997379,0.575
1.0381411867634236,15822,0.5760157273918742,0.576
1.0401411856270792,15850,0.5770350953837192,0.577
1.0423259116341292,15877,0.5780180573758555,0.578
1.0439224993259515,15904,0.5790010193679919,0.579
1.045550145358203,15932,0.5800203873598369,0.58
1.0472046293655604,15959,0.5810033493519732,0.581
1.0483911863819741,15987,0.5820227173438183,0.582
1.0502925324658812,16014,0.5830056793359546,0.583
1.052016253899923,16042,0.5840250473277996,0.584
1.053667354085837,16069,0.5850080093199359,0.585
1.0551817549417644,16097,0.586027377311781,0.586
1.0566983064868274,16124,0.5870103393039173,0.587
1.0584612298633878,16152,0.5880297072957623,0.588
1.060013029171866,16179,0.5890126692878986,0.589
1.0621319263801952,16207,0.5900320372797437,0.59
1.0641035298643104,16234,0.5910149992718801,0.591
1.0652801622537809,16262,0.592034367263725,0.592
1.067662357630497,16289,0.5930173292558614,0.593
1.0695546692804996,16316,0.5940002912479977,0.594
1.0711252127737583,16344,0.5950196592398427,0.595
1.0728014079981234,16371,0.596002621231979,0.596
1.0751670147678511,16399,0.5970219892238241,0.597
1.0770610155783717,16426,0.5980049512159604,0.598
1.07870767807165,16454,0.5990243192078054,0.599
1.0803749031167553,16481,0.6000072811999417,0.6
1.08205809615354,16509,0.6010266491917868,0.601
1.0845560873650517,16536,0.6020096111839232,0.602
1.0866047332873596,16564,0.6030289791757681,0.603
1.08798633072146,16591,0.6040119411679045,0.604
1.0901353373572706,16619,0.6050313091597496,0.605
1.0916334942786066,16646,0.6060142711518859,0.606
1.0935883214962139,16674,0.6070336391437309,0.607
1.0953305791767236,16701,0.6080166011358672,0.608
1.097428278109122,16729,0.6090359691277123,0.609
1.0990386489202442,16756,0.6100189311198485,0.61
1.1006404458945322,16783,0.6110018931119848,0.611
1.1032272320919343,16811,0.6120212611038299,0.612
1.1050242227633222,16838,0.6130042230959662,0.613
1.1075794656577034,16866,0.6140235910878112,0.614
1.1092696531359805,16893,0.6150065530799476,0.615
1.1112625676822383,16921,0.6160259210717927,0.616
1.1124664819968586,16948,0.617008883063929,0.617
1.1137785132417666,16976,0.618028251055774,0.618
1.1150075646941449,17003,0.6190112130479103,0.619
1.1169990432503045,17031,0.6200305810397554,0.62
1.1187454664878367,17058,0.6210135430318916,0.621
1.1203349086171857,17086,0.6220329110237367,0.622
1.1223089055706619,17113,0.623015873015873,0.623
1.1240104297118656,17141,0.6240352410077181,0.624
1.125784103989347,17168,0.6250182029998543,0.625
1.1275438404944262,17195,0.6260011649919907,0.626
1.1296586559769843,17223,0.6270205329838358,0.627
1.13133512558518,17250,0.6280034949759721,0.628
1.132798429353257,17278,0.6290228629678171,0.629
1.1342983091678314,17305,0.6300058249599534,0.63
1.1369715454562037,17333,0.6310251929517985,0.631
1.1385519055053728,17360,0.6320081549439348,0.632
1.140451289391176,17388,0.6330275229357798,0.633
1.1427070189303568,17415,0.6340104849279161,0.634
1.1444132237995719,17443,0.6350298529197612,0.635
1.1457148502812904,17470,0.6360128149118974,0.636
1.1475444165717885,17498,0.6370321829037425,0.637
1.1490030050107152,17525,0.6380151448958788,0.638
1.15073422884534,17553,0.639034512887724,0.639
1.1531936717789335,17580,0.6400174748798602,0.64
1.154358930895279,17607,0.6410004368719965,0.641
1.1561895570379832,17635,0.6420198048638416,0.642
1.1584067365980093,17662,0.6430027668559779,0.643
1.16077769865028,17690,0.6440221348478229,0.644
1.163170232168992,17717,0.6450050968399592,0.645
1.1653019116636947,17745,0.6460244648318043,0.646
1.1669210145905893,17772,0.6470074268239406,0.647
1.1684285946161217,17800,0.6480267948157856,0.648
1.1701599901845254,17827,0.649009756807922,0.649
1.1725496251973513,17855,0.650029124799767,0.65
1.1746605018257104,17882,0.6510120867919033,0.651
1.176673736003868,17910,0.6520314547837484,0.652
1.1791505631598138,17937,0.6530144167758847,0.653
1.1814257603630023,17965,0.6540337847677298,0.654
1.1835339735375312,17992,0.655016746759866,0.655
1.186129396578443,18020,0.6560361147517111,0.656
1.1883810189825421,18047,0.6570190767438474,0.657
1.1901468799614143,18074,0.6580020387359837,0.658
1.192983233391417,18102,0.6590214067278287,0.659
1.194910673211658,18129,0.660004368719965,0.66
1.19690964578906,18157,0.6610237367118101,0.661
1.1994324804538197,18184,0.6620066987039465,0.662
1.2015168036133388,18212,0.6630260666957914,0.663
1.2031977271739496,18239,0.6640090286879278,0.664
1.2052846926002116,18267,0.6650283966797729,0.665
1.2068580184634066,18294,0.6660113586719091,0.666
1.2094666967085952,18322,0.6670307266637542,0.667
1.211188448458026,18349,0.6680136886558905,0.668
1.2130683923515972,18377,0.6690330566477356,0.669
1.2160286898515793,18404,0.6700160186398718,0.67
1.218036346838703,18432,0.6710353866317169,0.671
1.2200678129168725,18459,0.6720183486238532,0.672
1.2223664245661547,18486,0.6730013106159896,0.673
1.2242604459573112,18514,0.6740206786078345,0.674
1.2263896613822238,18541,0.6750036405999709,0.675
1.2282077927990267,18569,0.676023008591816,0.676
1.2302582548208394,18596,0.6770059705839523,0.677
1.2331031041028875,18624,0.6780253385757973,0.678
1.2346452724518955,18651,0.6790083005679336,0.679
1.2370309129290777,18679,0.6800276685597787,0.68
1.239293990441266,18706,0.6810106305519149,0.681
1.2414184710445582,18734,0.68202999854376,0.682
1.2432445827756418,18761,0.6830129605358963,0.683
1.2452487077957233,18789,0.6840323285277413,0.684
1.2474279060368836,18816,0.6850152905198776,0.685
1.2492285709792021,18844,0.6860346585117227,0.686
1.2512842205446721,18871,0.6870176205038591,0.687
1.2538021993537323,18898,0.6880005824959954,0.688
1.2558879019677687,18926,0.6890199504878404,0.689
1.258541063768938,18953,0.6900029124799767,0.69
1.260087344463584,18981,0.6910222804718218,0.691
1.2617823311156384,19008,0.6920052424639581,0.692
1.2635309431785136,19036,0.6930246104558031,0.693
1.266084588144992,19063,0.6940075724479394,0.694
1.2688204539151593,19091,0.6950269404397845,0.695
1.270685656429377,19118,0.6960099024319207,0.696
1.27364234082255,19146,0.6970292704237658,0.697
1.2765899974115906,19173,0.6980122324159022,0.698
1.2792952835808635,19201,0.6990316004077471,0.699
1.280997851554024,19228,0.7000145623998835,0.7
1.2833085316452415,19256,0.7010339303917286,0.701
1.285866818129391,19283,0.7020168923838649,0.702
1.2878070598837286,19311,0.7030362603757099,0.703
1.290342114338658,19338,0.7040192223678462,0.704
1.2926234675202888,19365,0.7050021843599825,0.705
1.2948981493751248,19393,0.7060215523518276,0.706
1.2973420066994152,19420,0.7070045143439638,0.707
1.29961828104086,19448,0.7080238823358089,0.708
1.30161187384437,19475,0.7090068443279453,0.709
1.3042260959336178,19503,0.7100262123197904,0.71
1.3068246685054938,19530,0.7110091743119266,0.711
1.308482960007934,19558,0.7120285423037717,0.712
1.3114817930216933,19585,0.713011504295908,0.713
1.314355324974089,19613,0.714030872287753,0.714
1.316385402539992,19640,0.7150138342798893,0.715
1.3187349973851348,19668,0.7160332022717344,0.716
1.3203419311506004,19695,0.7170161642638707,0.717
1.3227568600765995,19723,0.7180355322557157,0.718
1.3258398916802145,19750,0.719018494247852,0.719
1.32865735477105,19777,0.7200014562399883,0.72
1.3311108180983222,19805,0.7210208242318334,0.721
1.33308565400718,19832,0.7220037862239697,0.722
1.3362476146513467,19860,0.7230231542158148,0.723
1.338846433116764,19887,0.7240061162079511,0.724
1.3415107602997955,19915,0.7250254841997962,0.725
1.3440733679689738,19942,0.7260084461919324,0.726
1.3466833092025867,19970,0.7270278141837775,0.727
1.3496630577245308,19997,0.7280107761759138,0.728
1.3527749275273089,20025,0.7290301441677588,0.729
1.3554475121704295,20052,0.7300131061598951,0.73
1.3579357816122255,20080,0.7310324741517402,0.731
1.360924340435723,20107,0.7320154361438765,0.732
1.3630517238494213,20135,0.7330348041357215,0.733
1.3650986991219318,20162,0.7340177661278579,0.734
1.3676939597101714,20189,0.7350007281199942,0.735
1.3698322119581465,20217,0.7360200961118393,0.736
1.3725297987024496,20244,0.7370030581039755,0.737
1.3746644519270383,20272,0.7380224260958206,0.738
1.3767905025835843,20299,0.7390053880879569,0.739
1.3789070288995078,20327,0.740024756079802,0.74
1.3810921310209998,20354,0.7410077180719382,0.741
1.3834519264723986,20382,0.7420270860637833,0.742
1.3861098367176057,20409,0.7430100480559196,0.743
1.3886856081490568,20437,0.7440294160477646,0.744
1.3913516852794214,20464,0.745012378039901,0.745
1.3940792238259554,20492,0.746031746031746,0.746
1.3963638161008824,20519,0.7470147080238824,0.747
1.3987126074770562,20547,0.7480340760157274,0.748
1.4006945737076404,20574,0.7490170380078637,0.749
1.403977617360895,20601,0.75,0.75
1.4068471174359745,20629,0.7510193679918451,0.751
1.409804928212066,20656,0.7520023299839813,0.752
1.412649465594843,20684,0.7530216979758264,0.753
1.4150839216467104,20711,0.7540046599679627,0.754
1.4176827323538337,20739,0.7550240279598078,0.755
1.420779434277492,20766,0.756006989951944,0.756
1.423633429171283,20794,0.7570263579437891,0.757
1.4258595257719942,20821,0.7580093199359255,0.758
1.4289360921374263,20849,0.7590286879277705,0.759
1.4320541593599618,20876,0.7600116499199068,0.76
1.4340746113374356,20904,0.7610310179117519,0.761
1.4366920690658025,20931,0.7620139799038882,0.762
1.4397155017766219,20959,0.7630333478957332,0.763
1.4422083726751147,20986,0.7640163098878695,0.764
1.4454776805685996,21014,0.7650356778797146,0.765
1.4485048698177283,21041,0.7660186398718509,0.766
1.453386863678079,21068,0.7670016018639871,0.767
1.4553795505047857,21096,0.7680209698558322,0.768
1.457122588181708,21123,0.7690039318479686,0.769
1.4599593718299813,21151,0.7700232998398135,0.77
1.4630879358821092,21178,0.7710062618319499,0.771
1.4662275894498003,21206,0.772025629823795,0.772
1.468969267715508,21233,0.7730085918159313,0.773
1.4731513502495555,21261,0.7740279598077763,0.774
1.4761683696038215,21288,0.7750109217999126,0.775
1.479186706409377,21316,0.7760302897917577,0.776
1.481306178482722,21343,0.777013251783894,0.777
1.4845356073342002,21371,0.778032619775739,0.778
1.4875391702011622,21398,0.7790155817678753,0.779
1.4912704783246022,21426,0.7800349497597204,0.78
1.4943390958890128,21453,0.7810179117518568,0.781
1.4980244678633605,21480,0.782000873743993,0.782
1.5003930978239688,21508,0.7830202417358381,0.783
1.5029450788461312,21535,0.7840032037279744,0.784
1.5061126001153247,21563,0.7850225717198194,0.785
1.5089081969607645,21590,0.7860055337119557,0.786
1.5121489742633334,21618,0.7870249017038008,0.787
1.5153855801705693,21645,0.7880078636959371,0.788
1.518446492386831,21673,0.7890272316877821,0.789
1.5216543613982263,21700,0.7900101936799184,0.79
1.5253447490466352,21728,0.7910295616717635,0.791
1.5276427551966685,21755,0.7920125236638998,0.792
1.53073558013971,21783,0.7930318916557448,0.793
1.5344711901056651,21810,0.7940148536478812,0.794
1.5381640850734086,21838,0.7950342216397263,0.795
1.5411006881486433,21865,0.7960171836318626,0.796
1.5440235476412703,21892,0.7970001456239988,0.797
1.5467239276153144,21920,0.7980195136158439,0.798
1.5505244980435466,21947,0.7990024756079802,0.799
1.5536704969519806,21975,0.8000218435998252,0.8
1.5594200116840016,22002,0.8010048055919615,0.801
1.5624623528466355,22030,0.8020241735838066,0.802
1.5647189381561883,22057,0.8030071355759429,0.803
1.5678794986941766,22085,0.8040265035677879,0.804
1.5710804412542025,22112,0.8050094655599243,0.805
1.5744487008228103,22140,0.8060288335517694,0.806
1.5779176309585026,22167,0.8070117955439057,0.807
1.581661242246621,22195,0.8080311635357507,0.808
1.5847019949747452,22222,0.809014125527887,0.809
1.5878390879224509,22250,0.8100334935197321,0.81
1.5909587702738754,22277,0.8110164555118684,0.811
1.5938013769838624,22305,0.8120358235037134,0.812
1.597276564222391,22332,0.8130187854958497,0.813
1.6008867255988997,22359,0.814001747487986,0.814
1.603718820836864,22387,0.815021115479831,0.815
1.6076455658689581,22414,0.8160040774719673,0.816
1.6104622565882398,22442,0.8170234454638124,0.817
1.614016099855069,22469,0.8180064074559488,0.818
1.6170207676030208,22497,0.8190257754477938,0.819
1.6195251519089733,22524,0.8200087374399301,0.82
1.6226113694717994,22552,0.8210281054317752,0.821
1.6259038073455125,22579,0.8220110674239115,0.822
1.6295162469977968,22607,0.8230304354157565,0.823
1.6320638165611743,22634,0.8240133974078928,0.824
1.634883978597702,22662,0.8250327653997379,0.825
1.6393860660567505,22689,0.8260157273918742,0.826
1.6449851733297993,22717,0.8270350953837192,0.827
1.6487423657943785,22744,0.8280180573758555,0.828
1.652153809591933,22771,0.8290010193679919,0.829
1.6565386431366986,22799,0.8300203873598369,0.83
1.6609172585236025,22826,0.8310033493519732,0.831
1.6633973228581629,22854,0.8320227173438183,0.832
1.6677106617143478,22881,0.8330056793359546,0.833
1.6713678491900252,22909,0.8340250473277996,0.834
1.6757247679837555,22936,0.8350080093199359,0.835
1.6792078438050375,22964,0.836027377311781,0.836
1.6833919101957073,22991,0.8370103393039173,0.837
1.6878412714208113,23019,0.8380297072957623,0.838
1.6915369556299016,23046,0.8390126692878986,0.839
1.6952673102749516,23074,0.8400320372797437,0.84
1.6985153861773234,23101,0.8410149992718801,0.841
1.7025060513143677,23129,0.842034367263725,0.842
1.7065725175156834,23156,0.8430173292558614,0.843
1.7110182303519612,23183,0.8440002912479977,0.844
1.7144218226948589,23211,0.8450196592398427,0.845
1.716429661064957,23238,0.846002621231979,0.846
1.7213248426869914,23266,0.8470219892238241,0.847
1.725362669623869,23293,0.8480049512159604,0.848
1.7292555002018328,23321,0.8490243192078054,0.849
1.7322967900273418,23348,0.8500072811999417,0.85
1.7353692331474388,23376,0.8510266491917868,0.851
1.7396229074219147,23403,0.8520096111839232,0.852
1.744969748790953,23431,0.8530289791757681,0.853
1.7497432846802183,23458,0.8540119411679045,0.854
1.7546958366222345,23486,0.8550313091597496,0.855
1.7592867582984488,23513,0.8560142711518859,0.856
1.7635955190455996,23541,0.8570336391437309,0.857
1.7675172185832704,23568,0.8580166011358672,0.858
1.7715567462918476,23596,0.8590359691277123,0.859
1.7761823191726671,23623,0.8600189311198485,0.86
1.7806753987602848,23650,0.8610018931119848,0.861
1.7857491869012319,23678,0.8620212611038299,0.862
1.789557248415425,23705,0.8630042230959662,0.863
1.7953205440515456,23733,0.8640235910878112,0.864
1.7982269602711385,23760,0.8650065530799476,0.865
1.8014738982452179,23788,0.8660259210717927,0.866
1.8058661975491694,23815,0.867008883063929,0.867
1.8115098516936115,23843,0.868028251055774,0.868
1.8152430783549345,23870,0.8690112130479103,0.869
1.8215273163244623,23898,0.8700305810397554,0.87
1.8262323703095342,23925,0.8710135430318916,0.871
1.8312143114447885,23953,0.8720329110237367,0.872
1.8356724982708927,23980,0.873015873015873,0.873
1.8397183883100532,24008,0.8740352410077181,0.874
1.8449522437232553,24035,0.8750182029998543,0.875
1.850153599015863,24062,0.8760011649919907,0.876
1.8550152609824095,24090,0.8770205329838358,0.877
1.8602123783171731,24117,0.8780034949759721,0.878
1.8661719027930217,24145,0.8790228629678171,0.879
1.8695709126618798,24172,0.8800058249599534,0.88
1.8744816905561055,24200,0.8810251929517985,0.881
1.8806360406313025,24227,0.8820081549439348,0.882
1.8867528623527567,24255,0.8830275229357798,0.883
1.8908161765444058,24282,0.8840104849279161,0.884
1.8960410229436744,24310,0.8850298529197612,0.885
1.9031014546503522,24337,0.8860128149118974,0.886
1.906490870198052,24365,0.8870321829037425,0.887
1.9112766740765383,24392,0.8880151448958788,0.888
1.916206665747827,24420,0.889034512887724,0.889
1.9227250448819355,24447,0.8900174748798602,0.89
1.9278508878011642,24474,0.8910004368719965,0.891
1.9326621785631253,24502,0.8920198048638416,0.892
1.940988429435479,24529,0.8930027668559779,0.893
1.946984984561675,24557,0.8940221348478229,0.894
1.952418056323135,24584,0.8950050968399592,0.895
1.9567150524199521,24612,0.8960244648318043,0.896
1.9645560892735265,24639,0.8970074268239406,0.897
1.9691899278628864,24667,0.8980267948157856,0.898
1.9772230503286237,24694,0.899009756807922,0.899
1.982479628906575,24722,0.900029124799767,0.9
1.9906957465936823,24749,0.9010120867919033,0.901
1.9963700466677663,24777,0.9020314547837484,0.902
2.0023336785293053,24804,0.9030144167758847,0.903
2.0085624189223346,24832,0.9040337847677298,0.904
2.015977660254258,24859,0.905016746759866,0.905
2.0209359205779913,24887,0.9060361147517111,0.906
2.027564121139312,24914,0.9070190767438474,0.907
2.0334501135928544,24941,0.9080020387359837,0.908
2.0400787835141694,24969,0.9090214067278287,0.909
2.0468232556985906,24996,0.910004368719965,0.91
2.0526028883733245,25024,0.9110237367118101,0.911
2.058893211992326,25051,0.9120066987039465,0.912
2.063461720069014,25079,0.9130260666957914,0.913
2.069369640486429,25106,0.9140090286879278,0.914
2.075670917927798,25134,0.9150283966797729,0.915
2.082801460658464,25161,0.9160113586719091,0.916
2.0935025870513786,25189,0.9170307266637542,0.917
2.100776000058517,25216,0.9180136886558905,0.918
2.1101853302068387,25244,0.9190330566477356,0.919
2.117554629779161,25271,0.9200160186398718,0.92
2.1247948694908367,25299,0.9210353866317169,0.921
2.1320951245463817,25326,0.9220183486238532,0.922
2.141895471333978,25353,0.9230013106159896,0.923
2.1499572108120075,25381,0.9240206786078345,0.924
2.1564834361759146,25408,0.9250036405999709,0.925
2.1657126263553512,25436,0.926023008591816,0.926
2.1707385275957853,25463,0.9270059705839523,0.927
2.177777001439936,25491,0.9280253385757973,0.928
2.189085424440408,25518,0.9290083005679336,0.929
2.1986560183685038,25546,0.9300276685597787,0.93
2.207503135994126,25573,0.9310106305519149,0.931
2.2151846550111114,25601,0.93202999854376,0.932
2.2239312934071025,25628,0.9330129605358963,0.933
2.234684758226094,25656,0.9340323285277413,0.934
2.2435088856571768,25683,0.9350152905198776,0.935
2.2515800000262627,25711,0.9360346585117227,0.936
2.262625766391568,25738,0.9370176205038591,0.937
2.2698124962943957,25765,0.9380005824959954,0.938
2.279893026298682,25793,0.9390199504878404,0.939
2.2899426808874077,25820,0.9400029124799767,0.94
2.3000484558402325,25848,0.9410222804718218,0.941
2.3131762752093996,25875,0.9420052424639581,0.942
2.3234921065186143,25903,0.9430246104558031,0.943
2.3300258625457193,25930,0.9440075724479394,0.944
2.3439257649471466,25958,0.9450269404397845,0.945
2.3613002314126965,25985,0.9460099024319207,0.946
2.369269476705331,26013,0.9470292704237658,0.947
2.3810205576592995,26040,0.9480122324159022,0.948
2.392731428542824,26068,0.9490316004077471,0.949
2.403758467934088,26095,0.9500145623998835,0.95
2.414797100148243,26123,0.9510339303917286,0.951
2.425652991372235,26150,0.9520168923838649,0.952
2.435381568457291,26178,0.9530362603757099,0.953
2.442291714118174,26205,0.9540192223678462,0.954
2.458310796397304,26232,0.9550021843599825,0.955
2.4692451010100402,26260,0.9560215523518276,0.956
2.479920334175913,26287,0.9570045143439638,0.957
2.4935512149635937,26315,0.9580238823358089,0.958
2.506876435677485,26342,0.9590068443279453,0.959
2.5185076199971155,26370,0.9600262123197904,0.96
2.5320276757652382,26397,0.9610091743119266,0.961
2.545942516475643,26425,0.9620285423037717,0.962
2.5611026465884663,26452,0.963011504295908,0.963
2.5789414616456794,26480,0.964030872287753,0.964
2.6015822709809755,26507,0.9650138342798893,0.965
2.6180840021737044,26535,0.9660332022717344,0.966
2.6329915762824094,26562,0.9670161642638707,0.967
2.651918332885022,26590,0.9680355322557157,0.968
2.6656922717824223,26617,0.969018494247852,0.969
2.683572869405242,26644,0.9700014562399883,0.97
2.7078895286793414,26672,0.9710208242318334,0.971
2.7313368996732468,26699,0.9720037862239697,0.972
2.7506848318478254,26727,0.9730231542158148,0.973
2.7727721349932732,26754,0.9740061162079511,0.974
2.7882893425595316,26782,0.9750254841997962,0.975
2.809664694288836,26809,0.9760084461919324,0.976
2.82990663550099,26837,0.9770278141837775,0.977
2.851171177038967,26864,0.9780107761759138,0.978
2.881301888208526,26892,0.9790301441677588,0.979
2.9168099711877664,26919,0.9800131061598951,0.98
2.945603275883124,26947,0.9810324741517402,0.981
2.9730252642070916,26974,0.9820154361438765,0.982
3.0045838235224163,27002,0.9830348041357215,0.983
3.043336063730311,27029,0.9840177661278579,0.984
3.0785524840182044,27056,0.9850007281199942,0.985
3.112885058899665,27084,0.9860200961118393,0.986
3.150446300719154,27111,0.9870030581039755,0.987
3.196318512465375,27139,0.9880224260958206,0.988
3.239361675223723,27166,0.9890053880879569,0.989
3.293555858203764,27194,0.990024756079802,0.99
3.35441335256128,27221,0.9910077180719382,0.991
3.401806776160298,27249,0.9920270860637833,0.992
3.485513837904007,27276,0.9930100480559196,0.993
3.5892637006172925,27304,0.9940294160477646,0.994
3.691364207003563,27331,0.995012378039901,0.995
3.8041645965125173,27359,0.996031746031746,0.996
3.8905718312587307,27386,0.9970147080238824,0.997
4.131006681121539,27414,0.9980340760157274,0.998
4.36944392245775,27441,0.9990170380078637,0.999
6.380413301184149,27468,1.0,1.0
